case_id,instrument,rating,cutoff_date,forecast_end,future_return_pct
c77a343777e4,LESS,DODAJ,2025-10-14,2025-11-13,0.42735042735042583
19a1c2d89143,SFINKS,DODAJ,2023-10-16,2023-11-14,4.0000000000000036
10fa13c089d7,VIVID,SUPER,2016-08-10,2016-09-08,-8.93203883495145
03782c5fe62b,MEDINICE,SUPER,2023-08-11,2023-09-11,-11.49068322981367
59302b153607,BIOMAXIMA,DODAJ,2016-04-15,2016-05-16,-7.751937984496127
d3c91b3b032e,WIG-GRY,SUPER,2025-11-26,2025-12-29,-1.0883337480412814
7ae2703985a1,VOTUM,SUPER,2025-03-19,2025-04-16,8.633093525179847
e4594a02ebbd,ONDE,SUPER,2026-02-13,2026-03-16,-7.157464212678932
ea9f33ea4d84,CAVATINA,SUPER,2023-06-30,2023-07-28,5.494505494505497
4f6198a0d136,ALLEGRO,DODAJ,2022-10-06,2022-11-04,13.67500607238279
98425fd16d35,ENERGOINS,DODAJ,2011-09-08,2011-10-06,-3.9682539682539653
1522bc307251,RANKPROGR,DODAJ,2013-12-20,2014-01-27,-0.646203554119551
8faa5b20fe2c,MABION,DODAJ,2025-07-23,2025-08-21,-2.3638232271325887
cdd6676333f0,KORBANK,DODAJ,2020-04-02,2020-05-13,23.684210526315795
929cc30778f3,TELESTO,DODAJ,2024-08-06,2024-09-11,51.578947368421055
dd8939b25f42,SKARBIEC,DODAJ,2016-02-23,2016-03-22,22.82204020848846
4f61f38bbd7a,EXCELLENC,DODAJ,2022-07-01,2022-07-29,-1.9495412844036664
7b8cc4a9c958,HORTICO,DODAJ,2014-07-17,2014-08-27,-2.6627218934911157
f9d99a9f8a67,OPONEO.PL,DODAJ,2020-10-15,2020-11-13,10.508474576271198
cc5b15db4fba,WIG-MEDIA,DODAJ,2009-05-11,2009-06-08,8.409800756173947
eec7f4758cbe,ASBIS,DODAJ,2014-02-17,2014-03-17,-24.642289348171698
98e2bc9aa2ef,PULAWY,DODAJ,2008-01-16,2008-02-13,45.3287197231834
a4b5cd3ddc8d,STALPROFI,DODAJ,2013-06-14,2013-07-16,4.836601307189525
5eee988b3c18,INTERAOLT,DODAJ,2021-06-09,2021-07-07,-1.9900497512437942
d46b870ce072,CARBONSTU,DODAJ,2022-08-25,2022-09-23,-11.242603550295849
348fcadbe63c,WIG.MS-FIN,DODAJ,2024-03-28,2024-04-29,1.8224982147690305
aa1890d9755d,INNOVATOR,DODAJ,2021-10-20,2021-11-19,-8.115560439104797
1635e4fb8f22,RANKPROGR,DODAJ,2013-02-13,2013-03-13,1.614434947768273
403f0eb771ec,ATREM,DODAJ,2016-01-08,2016-02-08,4.712041884816753
7a61c6016f22,ICECODE,DODAJ,2023-08-03,2023-09-07,10.410094637223978
b5c794d70442,BSH,DODAJ,2025-01-09,2025-02-07,-34.020618556701024
7206d4bb3f79,MFOOD,DODAJ,2020-06-03,2020-07-13,-14.28571428571428
dcfbcd5ad8a2,POLWAX,DODAJ,2021-01-07,2021-02-04,0.4878048780487809
1ee5cb14d6a4,MOSTALPLC,DODAJ,2001-04-25,2001-05-25,0.49261083743841194
e1b95ef04393,MBWS,DODAJ,2015-09-17,2015-10-16,-4.084158415841577
a73331e4f4ed,VOOLT,DODAJ,2023-06-01,2023-07-04,-3.539823008849563
190fb2743533,ATREM,DODAJ,2010-03-09,2010-04-08,0.0
f5c3c40dd322,GENOMTEC,DODAJ,2024-10-10,2024-11-08,2.807486631016043
4c534d2787e7,ROPCZYCE,DODAJ,2019-02-14,2019-03-14,10.787172011661816
5b99a4b148a0,XPLUS,DODAJ,2025-10-16,2025-11-17,-4.727272727272725
77759da76153,DADELO,DODAJ,2022-05-24,2022-06-22,-6.896551724137923
ca5800b7bfbe,PCCEXOL,DODAJ,2022-10-12,2022-11-10,9.793814432989677
daa9dbdc933b,HUUUGE,DODAJ,2024-08-20,2024-09-17,-8.958837772397088
5e6b275d22dc,WIGDIV,SUPER,2020-03-03,2020-03-31,-20.663630997554606
4008e8368a18,TRAKCJA,DODAJ,2011-05-24,2011-06-21,0.37037037037035425
a99bd462971f,SYNEKTIK,DODAJ,2024-02-19,2024-03-18,33.6405529953917
972949ee03df,PEPCO,DODAJ,2026-06-08,2026-07-06,8.832992102954096
bf199f16b5fc,TRAKCJA,DODAJ,2026-01-08,2026-02-05,-5.760869565217385
506b4aa39509,MCI,DODAJ,2010-05-13,2010-06-11,-3.5862068965517246
627cfcb05079,TALEX,DODAJ,2007-04-12,2007-05-14,-5.88235294117646
f5c24b5ea166,JSW,DODAJ,2023-05-11,2023-06-09,3.006060606060612
1f8abd946784,AQUATECH,DODAJ,2024-12-03,2025-01-13,-6.060606060606066
e52c0237dbe3,ARTGAMES,DODAJ,2024-04-17,2024-05-21,0.2932551319648091
cd206be6be49,ULTGAMES,DODAJ,2023-10-30,2023-11-28,-10.15625
1b405e2c7fad,CHERRY,SUPER,2023-05-11,2023-06-09,-35.20408163265305
3a9afec0e0ad,ENELMED,DODAJ,2014-08-22,2014-09-24,3.7569060773480656
7eff1b7494e7,UNICREDIT,DODAJ,2017-08-28,2017-09-29,3.4122107465028195
106495e22dae,VOOLT,SUPER,2025-08-12,2025-09-11,-10.543130990415339
87548feba134,GAMEOPS,SUPER,2022-01-27,2022-02-24,-19.777777777777782
c51d57063e42,DEVELIA,DODAJ,2026-02-26,2026-03-26,-4.928806133625418
4ede93640820,PKOBP,DODAJ,2022-01-12,2022-02-09,-1.0700585503735094
61366a4395ea,SEDIVIO,DODAJ,2023-03-08,2023-04-05,-3.0172413793103425
ad1e837b4de2,KRVITAMIN,DODAJ,2018-08-09,2018-09-07,-7.621951219512191
344f0ce96e66,OUTDOORZY,DODAJ,2020-12-11,2021-01-19,-7.500000000000007
eaa5a706a05b,AFHOL,DODAJ,2013-08-29,2013-10-23,59.5744680851064
33c66583a3a4,UNICREDIT,SUPER,2022-11-25,2023-01-13,11.326234269119073
3c625c605e94,IZOSTAL,SUPER,2014-04-01,2014-05-02,-3.472222222222221
4f56fd47179f,ORZLOPONY,DODAJ,2009-11-20,2009-12-30,-4.961832061068694
47d46800dc3c,SYGNITY,DODAJ,2026-02-05,2026-03-06,-8.010335917312661
205ea3bd3ce2,EUCO,SUPER,2014-12-05,2015-01-12,-6.199559794570808
88b81047b72b,SNIEZKA,DODAJ,2011-05-31,2011-06-29,-4.788167460516435
e5d66c83e4e7,PKNORLEN,DODAJ,2018-10-19,2018-11-20,7.7365728900255615
4fb0ce62b352,DGA,SUPER,2006-07-10,2006-08-07,9.217877094972081
d6b9c4517467,TRUEGS,SUPER,2023-11-29,2024-01-03,-22.529644268774707
ba3e1fb72219,PURE,DODAJ,2022-03-21,2022-04-20,-6.8376068376068355
441eb5645df1,WIGDIV,SUPER,2021-08-24,2021-09-21,0.0271063925909365
356b401b69d8,PKPCARGO,DODAJ,2017-01-27,2017-02-24,4.166666666666674
a340822ad0a0,INTROL,DODAJ,2024-04-29,2024-05-29,-4.752475247524757
ce0ca658acdc,BSH,DODAJ,2024-09-16,2024-10-14,20.353982300884944
2438684ed7a3,BACT,DODAJ,2025-04-28,2025-05-27,-13.28124999999999
01312b71fcc7,EDINVEST,DODAJ,2011-12-22,2012-01-23,40.926640926640935
3c5e705f6055,ASTARTA,DODAJ,2007-03-29,2007-04-30,-0.738007380073813
60e4a5c37c73,PULAWY,DODAJ,2017-01-31,2017-02-28,-4.5685279187817285
6f53222dcf86,TESGAS,SUPER,2021-11-24,2021-12-22,-17.029972752043598
8c1c0384f85f,MOONLIT,DODAJ,2025-03-10,2025-04-10,-15.238095238095239
09e485b6d6ec,ETCGLDRMAU,DODAJ,2025-08-26,2025-09-23,10.351594439901879
44aaa61d9fbf,JSW,DODAJ,2020-04-27,2020-05-26,9.578544061302674
3476d2639f31,ASBIS,SUPER,2013-07-11,2013-08-08,22.08258527827647
eaa09aa7fbab,TESLA,SUPER,2025-02-14,2025-03-14,-31.984296930763744
bfc52e8a2867,DBENERGY,DODAJ,2023-04-05,2023-05-09,3.308823529411775
8dca776b3a89,SUNEX,DODAJ,2023-08-10,2023-09-08,8.507670850767092
6fe61cfb0fc7,ERG,DODAJ,2009-05-26,2009-06-24,19.047619047619047
57a5f90673e8,APANET,DODAJ,2022-11-08,2022-12-07,-22.872340425531913
eb6a780e9f10,ATCCARGO,SUPER,2024-12-10,2025-01-15,29.92424242424243
fcfd5aa78fce,MMCPL,SUPER,2022-06-06,2022-07-29,-26.89655172413793
56cc2cd90331,ETFDAX,DODAJ,2014-08-21,2014-09-19,4.681746449237245
fde310460efd,PROTEKTOR,DODAJ,2020-03-12,2020-04-20,85.83333333333334
7083e391985a,ETFBCASH,DODAJ,2024-10-15,2024-11-14,0.16356877323420171
f5216dc3fc59,POLICE,SUPER,2012-07-18,2012-08-16,12.181303116147312
2883501d1770,PLGROUP,DODAJ,2017-09-06,2017-10-04,41.93548387096775
692eb88a1a13,CONSOLE,DODAJ,2023-01-24,2023-02-21,22.22222222222221
8bf07de7e4bc,WIG-LEKI,DODAJ,2021-10-25,2021-11-24,-8.390630406643673
61b9166893da,NOVITA,DODAJ,2006-11-09,2006-12-07,-3.809931506849318
139726892239,CHERRY,DODAJ,2023-10-04,2023-11-02,7.647058823529407
0b1ee8ecf9f2,WITTCHEN,DODAJ,2020-11-09,2020-12-08,14.864864864864868
c51973dffd09,NOVINA,DODAJ,2022-01-26,2022-02-23,-7.207207207207212
f275815583cf,TRITON,DODAJ,2012-03-07,2012-04-05,-11.428571428571422
23dfae60608f,PEKABEX,DODAJ,2005-04-15,2005-05-17,66.66666666666667
7572e0f7018e,ODLEWNIE,DODAJ,2016-02-02,2016-03-01,17.3374613003096
5043195dbde0,ADIUVO,DODAJ,2018-09-06,2018-10-04,20.999999999999996
bc3af54ea340,WODKAN,DODAJ,2022-09-05,2023-01-19,-11.250000000000004
26bc352a9d4d,MBANK,DODAJ,2004-11-02,2004-12-01,3.539823008849563
485379738d58,KRUK,DODAJ,2019-12-09,2020-01-14,12.532808398950124
4e1b9dff7bca,ALLEGRO,DODAJ,2021-07-08,2021-08-05,-10.623781676413246
9b1962e5785f,BIOMASS,DODAJ,2015-10-26,2015-11-24,-12.418300653594772
8017800357e7,ZENERIS,SUPER,2024-05-22,2024-06-25,-10.769230769230775
a5aa29b476d8,PRIMAMODA,DODAJ,2020-10-22,2020-12-29,-5.263157894736836
52ce930248f4,MSM,DODAJ,2021-06-29,2021-09-01,-28.834355828220858
97949f7191d0,SHOPER,DODAJ,2023-10-06,2023-11-06,-12.429378531073443
0f5a2acea2c2,CHERRY,DODAJ,2018-08-31,2018-09-28,-7.537688442211055
67fc5979215d,HEMP,DODAJ,2024-01-18,2024-02-15,102.80701754385966
883a7cb4e700,EUCO,DODAJ,2024-10-21,2024-11-20,-6.024096385542165
c5c72ccdfb6a,PEPCO,DODAJ,2025-07-17,2025-08-14,10.334788937409023
487c17b67262,APSENERGY,DODAJ,2026-02-17,2026-03-18,12.252964426877465
d1adcb7267d6,GETIN,DODAJ,2010-03-25,2010-04-26,4.666666666666663
9adff55152f8,WIG-BUDOW,DODAJ,2011-10-07,2011-11-07,6.61042109757195
ecb59b5729d2,VOLKSWAGEN,DODAJ,2026-05-18,2026-06-23,-8.50027070925825
1792b25779d3,TRAKCJA,DODAJ,2013-02-22,2013-03-22,-31.666666666666664
09b7ddd84479,DADELO,DODAJ,2022-11-10,2022-12-09,6.695464362850978
8ad34dab9f53,FOREVEREN,DODAJ,2017-10-18,2017-11-16,-18.787878787878775
ac3128e0060f,HELIO,DODAJ,2012-10-16,2012-11-14,-4.458598726114649
1d6fcc735600,CLNPHARMA,DODAJ,2018-05-14,2018-06-12,4.2808219178082085
e2aee6b24542,REDAN,DODAJ,2022-05-06,2022-06-06,-0.40000000000000036
af0d221d26b0,WIG-MEDIA,SUPER,2019-05-27,2019-06-25,7.122313079798315
1655a292855b,YOSHI,DODAJ,2022-09-21,2022-10-19,-25.0
ff1047672615,KERNEL,DODAJ,2016-03-22,2016-04-21,-6.900900900900897
a102e4b982cb,INTM,DODAJ,2021-12-03,2022-01-04,3.7558685446009488
d7c1d07e89a8,PKPCARGO,DODAJ,2016-03-24,2016-04-25,2.508960573476693
e4c887121470,APOLLO,DODAJ,2021-01-22,2021-02-19,30.864197530864203
8b2b014f20c7,KOMPAP,DODAJ,2022-08-02,2022-09-07,-14.28571428571428
f540f1bcc2b2,WIELTON,DODAJ,2019-08-21,2019-09-18,-6.547619047619058
89c592ed52d1,ALIOR,SUPER,2017-09-13,2017-10-11,12.182186866323509
eb0a1340bb2b,STALPROFI,DODAJ,2020-05-04,2020-06-01,10.701107011070121
d20cf7ff0520,PKOBP,DODAJ,2015-03-12,2015-04-13,-0.6376811594202891
5168d053b90e,OUTDOORZY,DODAJ,2024-12-30,2025-02-13,15.22633744855968
5e6f92a6f03c,REINHOLD,DODAJ,2011-08-16,2011-09-13,-27.24014336917564
faeb6ca90a76,INNOVATOR,DODAJ,2023-06-01,2023-06-30,3.795899395754798
5464aa1b2a19,ATMGRUPA,DODAJ,2006-03-31,2006-05-04,18.61861861861862
3d6ff45e4734,GRUPAAZOTY,DODAJ,2019-10-07,2019-11-05,15.832805573147567
67198626e6b7,HARPER,DODAJ,2026-03-05,2026-04-02,-15.666666666666673
bdb4c6ee0e9a,APLISENS,DODAJ,2021-09-07,2021-10-05,0.0
70983c807c1e,WIG-BUDOW,DODAJ,2004-09-20,2004-10-18,-4.131148750876412
fc9ea780c90a,MOL,DODAJ,2012-09-17,2012-10-30,0.4431314623338123
2ba0dd903a45,PCCROKITA,DODAJ,2023-04-24,2023-05-24,-27.800829875518662
3a0d6187b8ac,SELVITA,DODAJ,2022-03-14,2022-04-11,14.67065868263473
a980beb67164,SNIEZKA,DODAJ,2012-08-13,2012-09-11,-6.571428571428561
6f5f6c8f62b7,ROBSGROUP,DODAJ,2024-10-17,2024-11-18,134.15132924335379
abe9b21d8a1a,PGFGROUP,DODAJ,2026-01-05,2026-02-03,-1.1538461538461497
86e56a39b72c,POINTPACK,DODAJ,2025-01-29,2025-02-26,-2.0408163265306145
72a172283e51,MCI,DODAJ,2001-09-20,2001-10-18,25.0
4a76ad78c923,DDISTANCE,DODAJ,2017-12-04,2018-01-05,-13.768115942028981
fd86fc939ad9,AMICA,DODAJ,2002-06-12,2002-07-10,-5.128205128205132
88deafb3225a,APATOR,DODAJ,2026-03-03,2026-03-31,-5.708245243128951
63eb97708553,DMGROUP,DODAJ,2025-06-30,2025-07-28,-1.866666666666661
28619a29516d,ARTIFEX,DODAJ,2026-04-28,2026-05-27,3.0444964871194413
d92a3f89d0ad,WIG-LEKI,DODAJ,2023-11-10,2023-12-08,2.5784234597793887
be4f80901c1a,SIMFABRIC,DODAJ,2025-03-07,2025-04-04,-2.9126213592232997
3b3708eadb8d,DRAGEUS,DODAJ,2021-02-02,2021-03-03,-8.456843940714908
c0bf43764ea1,SOFTBLUE,DODAJ,2025-07-31,2025-08-29,-1.3452914798206317
841fc66f0452,STALPROD,DODAJ,2017-05-15,2017-06-12,-7.32421875
55550c77de81,PHN,DODAJ,2019-04-04,2019-05-08,-11.155378486055778
271329f8813b,LUG,SUPER,2021-09-28,2021-11-08,-6.329113924050633
4902625f7798,NEUCA,DODAJ,2010-12-01,2010-12-30,6.133700895933836
823f768e124d,IFIRMA,DODAJ,2019-03-12,2019-04-09,-2.127659574468088
a71981a168e4,COGNOR,DODAJ,2016-03-11,2016-04-12,22.34042553191489
b8142b67ee8d,BIOPLANET,DODAJ,2021-01-13,2021-02-10,5.777777777777771
949536110037,PTWP,DODAJ,2021-11-26,2021-12-28,-7.547169811320753
59e5722451db,TRANSPOL,DODAJ,2025-12-08,2026-01-13,1.0666666666666602
48f5132f3811,JSW,DODAJ,2023-10-05,2023-11-03,12.548306433280288
089c6406c1d1,SUNTECH,DODAJ,2023-08-10,2023-09-08,9.444444444444432
7020580caeb4,PHOTON,DODAJ,2017-09-27,2017-11-10,-11.392405063291145
18dea6d16ea6,ENAP,DODAJ,2007-08-16,2007-09-13,69.31818181818181
476d45bd093a,WAWEL,DODAJ,1999-01-04,1999-02-01,-2.777777777777779
a7f568b25e9b,CEZ,DODAJ,2020-04-08,2020-05-11,8.749999999999991
4f11b378b81c,MOL,DODAJ,2006-11-29,2006-12-29,-0.2909090909090861
320d53836043,BUDIMEX,DODAJ,2019-11-28,2020-01-02,10.847880299251877
3985bf4c83ac,ULTGAMES,DODAJ,2026-01-30,2026-03-02,-8.783783783783782
2b55cae8a04b,WIELTON,DODAJ,2020-06-16,2020-07-14,-9.6045197740113
659bc7229542,NOVATURAS,DODAJ,2024-12-30,2025-03-20,18.41432225063937
269252160a7e,NANOGROUP,SUPER,2023-08-16,2023-09-13,-22.39316239316239
46136273ea9b,WIELTON,DODAJ,2022-02-23,2022-03-23,-15.966386554621847
ae14e9659725,KGHM,DODAJ,2004-08-03,2004-08-31,2.7397260273972712
b27a4ad46533,WIG-INFO,DODAJ,2023-07-21,2023-08-21,-4.615740497345033
c89114d083ff,ARTIFEX,DODAJ,2023-09-21,2023-10-19,-1.319261213720313
2ad2381747e1,ASMGROUP,DODAJ,2021-02-18,2021-03-24,-26.428571428571423
017112b2681e,BACT,SUPER,2026-06-08,2026-07-06,43.01470588235294
162e5a4c1818,WOODPCKR,DODAJ,2025-01-02,2025-01-31,-1.9512195121951237
95b0735c2366,CAPITAL,DODAJ,2013-04-30,2013-05-31,19.999999999999996
29b325998184,IMAGEPWR,DODAJ,2024-04-11,2024-05-15,-36.79389312977099
73c6f7dd937f,TALEX,DODAJ,2005-08-17,2005-09-14,8.888888888888902
5ca5a05e663d,KUPIEC,DODAJ,2024-03-12,2024-04-22,3.125
c65f43961038,ETFDAX,DODAJ,2022-04-05,2022-05-06,-4.841802492809199
595939590ade,HORTICO,DODAJ,2024-07-02,2024-07-30,-8.21917808219178
ab1940366685,BIOMASS,DODAJ,2018-03-19,2018-04-18,0.0
80adef8c6573,ACTION,DODAJ,2009-01-20,2009-02-17,-8.221797323135771
cc1f732d3d82,INDYGO,DODAJ,2016-08-03,2016-09-01,-7.692307692307699
be46445877cd,NEUCA,DODAJ,2015-12-14,2016-01-18,-2.275467148884869
dfb7292d1147,ONDE,DODAJ,2025-04-04,2025-05-07,8.22429906542057
4a1b7710c832,DBENERGY,DODAJ,2020-05-11,2020-06-08,-1.4000000000000012
d75e71bb968a,ATENDE,DODAJ,2026-03-31,2026-04-30,14.576271186440671
0f4baeab63be,STARHEDGE,DODAJ,2016-02-11,2016-03-16,-2.3809523809523836
f9793318f56a,CYFRPLSAT,DODAJ,2025-11-26,2025-12-29,11.507220216606505
9f455ee41181,KOGENERA,DODAJ,2019-01-08,2019-02-05,-13.364055299539167
bd983046e61b,ERBUD,DODAJ,2017-10-06,2017-11-06,-5.946556266465941
1dceb9896f4e,POLICE,DODAJ,2006-07-28,2006-08-28,-22.916666666666664
b7f5ae5b4cf6,PEKAO,DODAJ,2022-01-31,2022-02-28,-14.686346863468636
cf1a632c9ce8,RELPOL,DODAJ,2016-03-31,2016-04-28,6.635622817229336
90313341d115,OTLOG,DODAJ,2018-10-24,2018-11-23,-53.86861313868613
36841bedfca1,PLAZACNTR,DODAJ,2014-11-03,2014-12-03,-21.052631578947366
faf284f9edd0,DEBICA,DODAJ,2010-08-12,2010-09-10,-0.7053291536050055
c417c3cc71f9,MURAPOL,DODAJ,2026-03-30,2026-04-29,9.375
78e5f1508318,ASTARTA,DODAJ,2019-02-21,2019-03-21,11.524163568773238
8945b760d02c,BPC,DODAJ,2020-11-04,2020-12-03,15.384615384615374
f5a19edd9910,MADMIND,DODAJ,2024-10-16,2024-11-21,-11.576354679802947
3efeb13966c1,BOGDANKA,DODAJ,2018-02-05,2018-03-05,-22.388059701492537
e83329482120,MOSTALZAB,DODAJ,2008-01-15,2008-02-12,31.050955414012748
1cf27a442fe9,ONICO,DODAJ,2016-04-15,2016-05-24,7.3127558358225375
b39cdf83707d,DEKPOL,DODAJ,2023-09-05,2023-10-03,7.102272727272729
07312dc4212a,MEDICALG,DODAJ,2023-03-27,2023-04-26,10.047846889952151
7ae2c1686c45,BIOTON,DODAJ,2007-01-10,2007-02-07,-6.222222222222218
96ccfd4b949d,SYGNIS,DODAJ,2024-10-24,2024-11-28,-16.000000000000004
cb36a1f94fef,AUTOPARTN,DODAJ,2021-03-16,2021-04-15,13.181818181818183
34e035d68aea,CREOTECH,DODAJ,2023-02-23,2023-03-23,-1.273885350318471
f06f128d4d6d,ALTUS,DODAJ,2023-02-06,2023-03-08,-4.5685279187817285
5b7ce51161b4,WITTCHEN,DODAJ,2025-07-17,2025-08-14,-6.602768903088407
95f396abe660,COMP,DODAJ,2023-04-05,2023-05-09,11.65644171779141
d972c0f5cdba,ERG,DODAJ,2010-12-01,2010-12-30,-9.734513274336287
1bc97b54194e,IGORIA,DODAJ,2024-05-13,2024-06-11,-43.56617647058824
50161ddd87b9,BOGDANKA,DODAJ,2010-02-24,2010-03-24,6.740792216817226
eb68d5294ae2,PEP,DODAJ,2020-05-27,2020-06-25,7.9365079365079305
f93a6d39d8d2,ALIOR,DODAJ,2016-04-27,2016-05-27,-23.928974069898533
7894bf7bad1d,SOFTBLUE,DODAJ,2024-11-28,2025-01-02,4.428044280442789
0eafeba9f258,ENERGOINS,DODAJ,2016-11-08,2016-12-07,-8.390410958904116
a0709eefaa45,SANTANDER,DODAJ,2020-01-31,2020-03-02,-6.953642384105951
0fb618fb8455,HIPOWERSA,DODAJ,2025-05-02,2025-05-30,14.0625
680b1523aae4,GAMEOPS,DODAJ,2022-02-09,2022-03-09,-11.830357142857151
0d496745b215,NOVITA,DODAJ,2017-10-02,2017-11-02,-3.405811044833551
5cce7f6cae18,ODLEWNIE,DODAJ,2021-12-17,2022-01-19,-8.517350157728709
5dcc5384ed30,ASBIS,DODAJ,2013-07-15,2013-08-12,23.06338028169015
23bba7a8bc49,WODKAN,DODAJ,2014-06-06,2014-12-03,-38.438438438438446
e4995fe079f8,MIRBUD,DODAJ,2011-09-19,2011-10-17,9.166666666666679
10e0bca5c769,SAKANA,DODAJ,2012-05-23,2012-07-25,-33.333333333333336
b6e03b3482c2,UNIMOT,DODAJ,2024-04-26,2024-05-28,0.1494768310911665
8ce379f00a7b,GREENX,DODAJ,2022-09-27,2022-10-25,4.868913857677892
026fc857013c,GAMEOPS,DODAJ,2023-11-20,2023-12-18,23.913043478260864
6a371296f578,AUTOPARTN,DODAJ,2020-05-06,2020-06-03,18.202247191011224
319e1cab82b5,SYGNITY,DODAJ,2024-10-16,2024-11-15,25.435540069686425
665186f8cdaf,RAINBOW,DODAJ,2018-05-09,2018-06-07,1.4705882352941124
b9ef7b39de21,WIRTUALNA,DODAJ,2017-11-29,2017-12-29,9.977324263038545
946ffbbcd46a,MAKARONPL,DODAJ,2024-04-11,2024-05-13,22.95081967213115
b5bd35cfd5ae,SKARBIEC,DODAJ,2018-05-28,2018-06-26,-12.318840579710155
267ee5cd25eb,BENEFIT,DODAJ,2023-08-28,2023-09-25,-0.8522727272727293
d433147d6a57,BORYSZEW,DODAJ,2008-04-02,2008-04-30,0.37878787878786735
c8576306063c,REMORSOL,DODAJ,2015-05-18,2015-06-24,-12.5
43dbc8d617c9,SYGNIS,DODAJ,2023-08-29,2023-09-26,-2.9126213592232997
464e1b17e065,COMP,DODAJ,2023-04-25,2023-05-25,10.526315789473673
701444033fea,DADELO,DODAJ,2022-11-30,2022-12-29,8.280254777070063
74feff6d41b5,INNOVATOR,DODAJ,2023-03-08,2023-04-05,-0.953417698553094
dc32ed05fc2c,LEXBONO,DODAJ,2026-01-30,2026-03-02,-9.649122807017552
bc494349d335,PCCEXOL,DODAJ,2023-02-02,2023-03-02,-0.48309178743960457
0895a3b89370,ORANGEPL,DODAJ,2000-05-30,2000-06-28,5.92105263157896
adfa534132ef,PRAGMAINK,DODAJ,2009-02-09,2009-03-11,12.500000000000021
79ec9a573e82,LMGAMES,DODAJ,2023-07-06,2023-08-03,-8.000000000000007
b61bfa7a50fa,PKOBP,DODAJ,2015-06-05,2015-07-03,-7.350216182828917
05bca77067ed,IFIRMA,SUPER,2019-01-25,2019-02-22,30.660377358490564
b572a6137c7f,AQUATECH,DODAJ,2022-09-28,2022-10-26,11.111111111111093
76239cbcd232,KLEPSYDRA,DODAJ,2026-02-27,2026-03-27,-4.8780487804877986
b12963b0e485,XTB,SUPER,2021-01-26,2021-02-23,-18.136020151133504
2270faab8f81,ULMA,DODAJ,2017-04-26,2017-05-26,-15.168539325842701
f62088ae0ce7,FABRITY,DODAJ,2024-06-13,2024-07-11,-8.73015873015872
dcc5a97171a0,ONDE,DODAJ,2025-03-24,2025-04-23,-16.088328075709768
fe3999df0323,VOLKSWAGEN,DODAJ,2025-07-10,2025-08-20,7.96482412060302
0810723d4b1d,CMI,DODAJ,2025-07-03,2025-08-05,-2.2556390977443663
96a801205b89,UFGAMES,DODAJ,2025-04-30,2025-06-05,0.0
65b07d788a7c,CYFRPLSAT,DODAJ,2019-08-13,2019-09-11,-1.1315417256011373
c43d3a7a74f1,DRAGOENT,DODAJ,2025-03-10,2025-04-07,-9.565217391304348
b08c7644308b,STARWARD,DODAJ,2023-03-07,2023-04-05,17.64705882352939
97b0fb87298e,LEGIMI,DODAJ,2025-04-28,2025-05-27,-9.255079006771993
a9ecbe72f095,NOVAVISGR,DODAJ,2024-10-29,2024-11-28,-5.932203389830503
46bf6c18ef8c,SYGNITY,DODAJ,2004-02-25,2004-03-24,5.714285714285716
2dc59a5a34bd,WAWEL,DODAJ,2005-10-27,2005-11-29,7.246376811594213
b1af1d9198e9,ETFBNDXPL,DODAJ,2022-02-21,2022-03-21,3.452855245683928
8f2ee1559047,ODLEWNIE,DODAJ,2001-02-15,2001-03-16,-27.536231884057962
ac8f0bc8601a,LEGIMI,DODAJ,2025-05-14,2025-06-11,-8.863636363636363
2c6a95d0f7d4,NEURONE,DODAJ,2023-02-16,2023-08-02,-13.571428571428568
8a096581f0f5,PYRAMID,DODAJ,2022-04-14,2022-05-18,-41.075268817204304
33a0a73125db,MEGAPIXEL,DODAJ,2023-01-27,2023-02-28,-6.818181818181824
29f10715a6d9,REDAN,DODAJ,2015-10-22,2015-11-20,-11.255411255411262
70fd52790cbd,GEOTRANS,DODAJ,2020-03-20,2020-04-21,64.5
3509bb446024,SEDIVIO,DODAJ,2024-08-20,2024-09-17,12.315270935960587
b043092470ec,LGTRADE,DODAJ,2020-09-15,2020-10-22,18.279569892473123
372c69e21c11,WAWEL,DODAJ,2015-02-02,2015-03-02,9.537688442211056
ebc5476a1d3d,ARTIFEX,DODAJ,2019-02-22,2019-03-22,-10.666666666666657
f738b83d5b43,NOVINA,DODAJ,2022-01-04,2022-02-02,-6.140350877192969
c96ed2758e68,INSTALKRK,DODAJ,2000-06-15,2000-07-14,0.0
39bc6bcf5fd2,ATMGRUPA,DODAJ,2012-03-19,2012-04-18,-23.456790123456795
2159d033f05c,OPTIGIS,DODAJ,2023-05-10,2023-06-12,65.99999999999999
440342badea0,AUXILIA,DODAJ,2025-10-22,2025-11-20,-12.745098039215685
1a27f28f9516,RYVU,DODAJ,2024-07-12,2024-08-09,-0.7648183556405286
46c02b5fdecb,BERGHOLDI,DODAJ,2022-09-05,2022-10-05,-7.216494845360833
e2aae9f70b14,CREOTECH,DODAJ,2023-01-25,2023-02-22,25.0
bac5de40b479,REMORSOL,DODAJ,2022-11-23,2022-12-21,14.666666666666671
e6f63e0b1d9e,POLMAN,DODAJ,2024-03-11,2024-04-10,-22.602739726027398
b345189c4f23,TBULL,DODAJ,2020-07-10,2020-08-07,-5.128205128205121
450628cc0110,AGORA,DODAJ,2023-07-20,2023-08-18,13.31592689295038
cb0ee583185b,ASSECOBS,DODAJ,2023-10-25,2023-11-23,11.21281464530892
670ddf00e6b7,IFCAPITAL,DODAJ,2013-06-26,2013-07-24,-10.526315789473673
7cf802775f86,WIG-GRY,DODAJ,2026-06-19,2026-07-17,2.812696239700463
8d3ab624258c,ASBIS,DODAJ,2014-10-29,2014-11-27,-14.356435643564359
24256415de25,MOBRUK,DODAJ,2011-05-19,2011-06-27,1.9230769230769162
a43e536145f4,TBULL,DODAJ,2022-07-04,2022-08-04,0.20920502092049986
876eaf1ad4f8,REDAN,DODAJ,2023-05-22,2023-06-21,27.741935483870982
929c1dc1602a,PROCHEM,DODAJ,2024-11-12,2024-12-10,6.569343065693434
e7c0443f9462,SILVAIR-REGS,DODAJ,2025-11-24,2025-12-22,-16.371681415929217
14058a3368c6,PASSUS,DODAJ,2025-07-14,2025-08-11,20.629370629370626
3999385a4849,MOJ,DODAJ,2008-06-13,2008-07-23,-6.896551724137923
8d1e7d684925,PHOTON,DODAJ,2018-09-05,2018-10-11,36.29629629629629
4fcc74840073,STARWARD,DODAJ,2021-10-15,2021-11-17,-19.999999999999996
cd84c01043ec,INTERBUD,DODAJ,2025-04-16,2025-05-20,12.56281407035178
b60a792d8a11,EUROTEL,DODAJ,2012-11-27,2013-01-02,19.999999999999996
